Workbook

Sheet DangKy
A1: ma_dk | B1: ngay_dk | C1: ma_goi | D1: so_thang | E1: ten_goi | F1: gia_thang | G1: tong_phi
A2: DK001 | B2: 2025-11-01 | C2: G01 | D2: 5 | E2: =VLOOKUP(C2,GoiTap!$A$1:$C$8,2,FALSE) -> Goi co ban | F2: =VLOOKUP(C2,GoiTap!$A$1:$C$8,3,FALSE) -> 300000 | G2: =(D2*F2) -> 1500000
A3: DK002 | B3: 2025-11-02 | C3: G02 | D3: 2 | E3: =VLOOKUP(C3,GoiTap!$A$1:$C$8,2,FALSE) -> Goi tieu chuan | F3: =VLOOKUP(C3,GoiTap!$A$1:$C$8,3,FALSE) -> 450000 | G3: =(D3*F3) -> 900000
A4: DK003 | B4: 2025-11-03 | C4: Y01 | D4: 6 | E4: =VLOOKUP(C4,GoiTap!$A$1:$C$8,2,FALSE) -> Yoga buoi sang | F4: =VLOOKUP(C4,GoiTap!$A$1:$C$8,3,FALSE) -> 350000 | G4: =(D4*F4) -> 2100000
A5: DK004 | B5: 2025-11-04 | C5: Y01 | D5: 5 | E5: =VLOOKUP(C5,GoiTap!$A$1:$C$8,2,FALSE) -> Yoga buoi sang | F5: =VLOOKUP(C5,GoiTap!$A$1:$C$8,3,FALSE) -> 350000 | G5: =(D5*F5) -> 1750000
A6: DK005 | B6: 2025-11-05 | C6: G03 | D6: 5 | E6: =VLOOKUP(C6,GoiTap!$A$1:$C$8,2,FALSE) -> Goi cao cap | F6: =VLOOKUP(C6,GoiTap!$A$1:$C$8,3,FALSE) -> 700000 | G6: =(D6*F6) -> 3500000
A7: DK006 | B7: 2025-11-06 | C7: Y01 | D7: 1 | E7: =VLOOKUP(C7,GoiTap!$A$1:$C$8,2,FALSE) -> Yoga buoi sang | F7: =VLOOKUP(C7,GoiTap!$A$1:$C$8,3,FALSE) -> 350000 | G7: =(D7*F7) -> 350000
A8: DK007 | B8: 2025-11-07 | C8: Y02 | D8: 3 | E8: =VLOOKUP(C8,GoiTap!$A$1:$C$8,2,FALSE) -> Yoga buoi toi | F8: =VLOOKUP(C8,GoiTap!$A$1:$C$8,3,FALSE) -> 400000 | G8: =(D8*F8) -> 1200000
A9: DK008 | B9: 2025-11-08 | C9: Y02 | D9: 2 | E9: =VLOOKUP(C9,GoiTap!$A$1:$C$8,2,FALSE) -> Yoga buoi toi | F9: =VLOOKUP(C9,GoiTap!$A$1:$C$8,3,FALSE) -> 400000 | G9: =(D9*F9) -> 800000
A10: DK009 | B10: 2025-11-09 | C10: Y02 | D10: 6 | E10: =VLOOKUP(C10,GoiTap!$A$1:$C$8,2,FALSE) -> Yoga buoi toi | F10: =VLOOKUP(C10,GoiTap!$A$1:$C$8,3,FALSE) -> 400000 | G10: =(D10*F10) -> 2400000
A11: DK010 | B11: 2025-11-10 | C11: G02 | D11: 5 | E11: =VLOOKUP(C11,GoiTap!$A$1:$C$8,2,FALSE) -> Goi tieu chuan | F11: =VLOOKUP(C11,GoiTap!$A$1:$C$8,3,FALSE) -> 450000 | G11: =(D11*F11) -> 2250000
A12: DK011 | B12: 2025-11-11 | C12: P01 | D12: 5 | E12: =VLOOKUP(C12,GoiTap!$A$1:$C$8,2,FALSE) -> Huan luyen ca nhan | F12: =VLOOKUP(C12,GoiTap!$A$1:$C$8,3,FALSE) -> 900000 | G12: =(D12*F12) -> 4500000
A13: DK012 | B13: 2025-11-12 | C13: P01 | D13: 1 | E13: =VLOOKUP(C13,GoiTap!$A$1:$C$8,2,FALSE) -> Huan luyen ca nhan | F13: =VLOOKUP(C13,GoiTap!$A$1:$C$8,3,FALSE) -> 900000 | G13: =(D13*F13) -> 900000
... A16: DK015 | B16: 2025-11-15 | C16: Y01 | D16: 3 | E16: =VLOOKUP(C16,GoiTap!$A$1:$C$8,2,FALSE) -> Yoga buoi sang | F16: =VLOOKUP(C16,GoiTap!$A$1:$C$8,3,FALSE) -> 350000 | G16: =(D16*F16) -> 1050000

Sheet GoiTap
A1: ma_goi | B1: ten_goi | C1: gia_thang
A2: G01 | B2: Goi co ban | C2: 300000
A3: G02 | B3: Goi tieu chuan | C3: 450000
A4: G03 | B4: Goi cao cap | C4: 700000
A5: Y01 | B5: Yoga buoi sang | C5: 350000
A6: Y02 | B6: Yoga buoi toi | C6: 400000
A7: P01 | B7: Huan luyen ca nhan | C7: 900000
A8: B01 | B8: Boxing nhap mon | C8: 500000
